reviewID,name,date,verifiedPurchase,rating,helpful,title,review,profile,country,reviewLink,reviewImage,productTitle,productASIN,productURL,productPrice,productRating,productReviewCount
product_B0DLHTNHZJ_1746427598,Amazon Customer,"May 05, 2025",False,4.0,234,Apple,Product listing from Amazon search. Price: Not available,https://www.amazon.com/Apple-MacBook-Laptop-14%E2%80%91core-20%E2%80%91core/dp/B0DLHTNHZJ/ref=sr_1_1,US,https://www.amazon.com/Apple-MacBook-Laptop-14%E2%80%91core-20%E2%80%91core/dp/B0DLHTNHZJ/ref=sr_1_1,https://m.media-amazon.com/images/I/61hw7aZWYSL._AC_UY218_.jpg,Apple,B0DLHTNHZJ,https://www.amazon.com/Apple-MacBook-Laptop-14%E2%80%91core-20%E2%80%91core/dp/B0DLHTNHZJ/ref=sr_1_1,Not available,4.0,234
product_B0DP3KYZDV_1746427598,Amazon Customer,"May 05, 2025",False,5.0,4,Apple,Product listing from Amazon search. Price: Not available,https://www.amazon.com/Apple-2024-MacBook-Laptop-10%E2%80%91core/dp/B0DP3KYZDV/ref=sr_1_2,US,https://www.amazon.com/Apple-2024-MacBook-Laptop-10%E2%80%91core/dp/B0DP3KYZDV/ref=sr_1_2,https://m.media-amazon.com/images/I/61-oTP1X4rL._AC_UY218_.jpg,Apple,B0DP3KYZDV,https://www.amazon.com/Apple-2024-MacBook-Laptop-10%E2%80%91core/dp/B0DP3KYZDV/ref=sr_1_2,Not available,5.0,4
product_B08CZT64VP_1746427598,Amazon Customer,"May 05, 2025",False,4.0,211,"Late 2019 Apple MacBook Pro with 2.6GHz Intel Core i7 (16-Inch, 16GB RAM, 512GB Storage) - Silver (Renewed)",Product listing from Amazon search. Price: $454.50,https://www.amazon.com/Apple-MacBook-16-Inch-Storage-2-6GHz/dp/B08CZT64VP/ref=sr_1_3,US,https://www.amazon.com/Apple-MacBook-16-Inch-Storage-2-6GHz/dp/B08CZT64VP/ref=sr_1_3,https://m.media-amazon.com/images/I/619L9jf3-rL._AC_UY218_.jpg,"Late 2019 Apple MacBook Pro with 2.6GHz Intel Core i7 (16-Inch, 16GB RAM, 512GB Storage) - Silver (Renewed)",B08CZT64VP,https://www.amazon.com/Apple-MacBook-16-Inch-Storage-2-6GHz/dp/B08CZT64VP/ref=sr_1_3,$454.50,4.0,211
product_B0DNR8RZXZ_1746427598,Amazon Customer,"May 05, 2025",False,5.0,5,Apple,Product listing from Amazon search. Price: Not available,https://www.amazon.com/Apple-MacBook-16-2-14-Core-20-Core/dp/B0DNR8RZXZ/ref=sr_1_4,US,https://www.amazon.com/Apple-MacBook-16-2-14-Core-20-Core/dp/B0DNR8RZXZ/ref=sr_1_4,https://m.media-amazon.com/images/I/41S2OSRfBuL._AC_UY218_.jpg,Apple,B0DNR8RZXZ,https://www.amazon.com/Apple-MacBook-16-2-14-Core-20-Core/dp/B0DNR8RZXZ/ref=sr_1_4,Not available,5.0,5
product_B0DNRJHZ55_1746427598,Amazon Customer,"May 05, 2025",False,3.0,3,Apple,Product listing from Amazon search. Price: Not available,https://www.amazon.com/Apple-MacBook-16-2-Chip-Late/dp/B0DNRJHZ55/ref=sr_1_5,US,https://www.amazon.com/Apple-MacBook-16-2-Chip-Late/dp/B0DNRJHZ55/ref=sr_1_5,https://m.media-amazon.com/images/I/41S2OSRfBuL._AC_UY218_.jpg,Apple,B0DNRJHZ55,https://www.amazon.com/Apple-MacBook-16-2-Chip-Late/dp/B0DNRJHZ55/ref=sr_1_5,Not available,3.0,3
product_B0DPXXHYZY_1746427598,Amazon Customer,"May 05, 2025",False,0,0,Apple,Product listing from Amazon search. Price: Not available,https://www.amazon.com/Apple-MacBook-14-2-Chip-Late/dp/B0DPXXHYZY/ref=sr_1_6,US,https://www.amazon.com/Apple-MacBook-14-2-Chip-Late/dp/B0DPXXHYZY/ref=sr_1_6,https://m.media-amazon.com/images/I/41I-D0RW6KL._AC_UY218_.jpg,Apple,B0DPXXHYZY,https://www.amazon.com/Apple-MacBook-14-2-Chip-Late/dp/B0DPXXHYZY/ref=sr_1_6,Not available,0,0
product_B0DPXR8DG3_1746427598,Amazon Customer,"May 05, 2025",False,0,0,Apple,Product listing from Amazon search. Price: Not available,https://www.amazon.com/Apple-MacBook-14-2-Chip-Late/dp/B0DPXR8DG3/ref=sr_1_7,US,https://www.amazon.com/Apple-MacBook-14-2-Chip-Late/dp/B0DPXR8DG3/ref=sr_1_7,https://m.media-amazon.com/images/I/41I-D0RW6KL._AC_UY218_.jpg,Apple,B0DPXR8DG3,https://www.amazon.com/Apple-MacBook-14-2-Chip-Late/dp/B0DPXR8DG3/ref=sr_1_7,Not available,0,0
product_B0DNRFS4ZG_1746427598,Amazon Customer,"May 05, 2025",False,0,0,"(CTO) Apple MacBook Pro 14-in M4 Pro 12C CPU / 16C GPU, 48GB, 1TB - Space Black - Z1FE000NH (70W)",Product listing from Amazon search. Price: Not available,https://www.amazon.com/CTO-Apple-MacBook-Pro-48GB/dp/B0DNRFS4ZG/ref=sr_1_8,US,https://www.amazon.com/CTO-Apple-MacBook-Pro-48GB/dp/B0DNRFS4ZG/ref=sr_1_8,https://m.media-amazon.com/images/I/41I-D0RW6KL._AC_UY218_.jpg,"(CTO) Apple MacBook Pro 14-in M4 Pro 12C CPU / 16C GPU, 48GB, 1TB - Space Black - Z1FE000NH (70W)",B0DNRFS4ZG,https://www.amazon.com/CTO-Apple-MacBook-Pro-48GB/dp/B0DNRFS4ZG/ref=sr_1_8,Not available,0,0
product_B0DYFD4BX7_1746427598,Amazon Customer,"May 05, 2025",False,0,0,Apple,Product listing from Amazon search. Price: Not available,https://www.amazon.com/Apple-MacBook-Laptop-12%E2%80%91core-16%E2%80%91core/dp/B0DYFD4BX7/ref=sr_1_9,US,https://www.amazon.com/Apple-MacBook-Laptop-12%E2%80%91core-16%E2%80%91core/dp/B0DYFD4BX7/ref=sr_1_9,https://m.media-amazon.com/images/I/613RuHJEBQL._AC_UY218_.jpg,Apple,B0DYFD4BX7,https://www.amazon.com/Apple-MacBook-Laptop-12%E2%80%91core-16%E2%80%91core/dp/B0DYFD4BX7/ref=sr_1_9,Not available,0,0
product_B0BSHFX3K3_1746427598,Amazon Customer,"May 05, 2025",False,4.0,452,Apple,Product listing from Amazon search. Price: Not available,https://www.amazon.com/Apple-MacBook-Laptop-12%E2%80%91core-38%E2%80%91core/dp/B0BSHFX3K3/ref=sr_1_10,US,https://www.amazon.com/Apple-MacBook-Laptop-12%E2%80%91core-38%E2%80%91core/dp/B0BSHFX3K3/ref=sr_1_10,https://m.media-amazon.com/images/I/61fd2oCrvyL._AC_UY218_.jpg,Apple,B0BSHFX3K3,https://www.amazon.com/Apple-MacBook-Laptop-12%E2%80%91core-38%E2%80%91core/dp/B0BSHFX3K3/ref=sr_1_10,Not available,4.0,452
product_B0B1HJ666G_1746427598,Amazon Customer,"May 05, 2025",False,4.0,4279,"Mac Book Pro Charger - 118W USB C Charger Fast Charger Compatible with MacBook pro/Air, M1 M2 M3 M4, ipad Pro, Samsung Galaxy and All USB C Device, Include Charge Cable",Product listing from Amazon search. Price: $26.83,https://www.amazon.com/Mac-Book-Pro-Charger-Cable%EF%BC%887-2ft/dp/B0B1HJ666G/ref=sr_1_11,US,https://www.amazon.com/Mac-Book-Pro-Charger-Cable%EF%BC%887-2ft/dp/B0B1HJ666G/ref=sr_1_11,https://m.media-amazon.com/images/I/51cpWg2Ay7L._AC_UY218_.jpg,"Mac Book Pro Charger - 118W USB C Charger Fast Charger Compatible with MacBook pro/Air, M1 M2 M3 M4, ipad Pro, Samsung Galaxy and All USB C Device, Include Charge Cable",B0B1HJ666G,https://www.amazon.com/Mac-Book-Pro-Charger-Cable%EF%BC%887-2ft/dp/B0B1HJ666G/ref=sr_1_11,$26.83,4.0,4279
product_B0D5XSTWNT_1746427598,Amazon Customer,"May 05, 2025",False,4.0,639,"USB C Hub Multiport Adapter for MacBook Pro/Air, 9 in 1 USB C Dongle Dock Mac HDMI Adapter Compatible for iPad Pro,iMac,Dell XPS,Thinkpad(4K@60Hz HDMI,SD/TF Card Reader,100W PD, 5 USB Ports)",Product listing from Amazon search. Price: $17.99,https://www.amazon.com/Multiport-Adapter-MacBook-Compatible-Thinkpad/dp/B0D5XSTWNT/ref=sr_1_12,US,https://www.amazon.com/Multiport-Adapter-MacBook-Compatible-Thinkpad/dp/B0D5XSTWNT/ref=sr_1_12,https://m.media-amazon.com/images/I/71FPFqDy5nL._AC_UY218_.jpg,"USB C Hub Multiport Adapter for MacBook Pro/Air, 9 in 1 USB C Dongle Dock Mac HDMI Adapter Compatible for iPad Pro,iMac,Dell XPS,Thinkpad(4K@60Hz HDMI,SD/TF Card Reader,100W PD, 5 USB Ports)",B0D5XSTWNT,https://www.amazon.com/Multiport-Adapter-MacBook-Compatible-Thinkpad/dp/B0D5XSTWNT/ref=sr_1_12,$17.99,4.0,639
product_B0DHPLQKVQ_1746427598,Amazon Customer,"May 05, 2025",False,4.0,220,"USB C Hub Adapter for MacBook Pro/Air M4 M3 M2 M1 2025-2018 13"" 14"" 15"" 16"", Mac Multiport Adapter, 8 in 2 MacBook Accessories Dongle with HDMI 4K, Thunderbolt 3, USB C&A Data Ports, SD TF Card Reader",Product listing from Amazon search. Price: $26.99,https://www.amazon.com/Adapter-Multiport-Thunderbolt-Accessories-2024-2018/dp/B0DHPLQKVQ/ref=sr_1_13,US,https://www.amazon.com/Adapter-Multiport-Thunderbolt-Accessories-2024-2018/dp/B0DHPLQKVQ/ref=sr_1_13,https://m.media-amazon.com/images/I/61YXwDTsroL._AC_UY218_.jpg,"USB C Hub Adapter for MacBook Pro/Air M4 M3 M2 M1 2025-2018 13"" 14"" 15"" 16"", Mac Multiport Adapter, 8 in 2 MacBook Accessories Dongle with HDMI 4K, Thunderbolt 3, USB C&A Data Ports, SD TF Card Reader",B0DHPLQKVQ,https://www.amazon.com/Adapter-Multiport-Thunderbolt-Accessories-2024-2018/dp/B0DHPLQKVQ/ref=sr_1_13,$26.99,4.0,220
product_B0DT17BNWW_1746427598,Amazon Customer,"May 05, 2025",False,4.0,100,"Mac Book Pro Charger 85W Power Adapter, Compatible with Mac Book Air/Pro 13-Inch & 15-Inch (Late 2012-2017)",Product listing from Amazon search. Price: $24.69,https://www.amazon.com/Charger-Adapter-Compatible-13-Inch-2012-2017/dp/B0DT17BNWW/ref=sr_1_14,US,https://www.amazon.com/Charger-Adapter-Compatible-13-Inch-2012-2017/dp/B0DT17BNWW/ref=sr_1_14,https://m.media-amazon.com/images/I/51+NNeUkwXL._AC_UY218_.jpg,"Mac Book Pro Charger 85W Power Adapter, Compatible with Mac Book Air/Pro 13-Inch & 15-Inch (Late 2012-2017)",B0DT17BNWW,https://www.amazon.com/Charger-Adapter-Compatible-13-Inch-2012-2017/dp/B0DT17BNWW/ref=sr_1_14,$24.69,4.0,100
product_B01HCF0XMU_1746427598,Amazon Customer,"May 05, 2025",False,5.0,23612,tomtoc,Product listing from Amazon search. Price: $30.79,https://www.amazon.com/tomtoc-Protective-2012-2015-Spill-Resistant-Accessory/dp/B01HCF0XMU/ref=sr_1_15,US,https://www.amazon.com/tomtoc-Protective-2012-2015-Spill-Resistant-Accessory/dp/B01HCF0XMU/ref=sr_1_15,https://m.media-amazon.com/images/I/819BxwyRnbL._AC_UY218_.jpg,tomtoc,B01HCF0XMU,https://www.amazon.com/tomtoc-Protective-2012-2015-Spill-Resistant-Accessory/dp/B01HCF0XMU/ref=sr_1_15,$30.79,5.0,23612
product_B09KC792R5_1746427598,Amazon Customer,"May 05, 2025",False,4.0,2782,"Magnetic Privacy Screen for MacBook Pro 14 Inch (2021-2024, M1, M2, M3, M4), Removable Matte Blue Light Glare Filter for Mac Pro 14.2"" Laptop Computer",Product listing from Amazon search. Price: $25.19,https://www.amazon.com/Privacy-Compatible-Magnetic-Removable-Protector/dp/B09KC792R5/ref=sr_1_16,US,https://www.amazon.com/Privacy-Compatible-Magnetic-Removable-Protector/dp/B09KC792R5/ref=sr_1_16,https://m.media-amazon.com/images/I/61+cOpTPirL._AC_UY218_.jpg,"Magnetic Privacy Screen for MacBook Pro 14 Inch (2021-2024, M1, M2, M3, M4), Removable Matte Blue Light Glare Filter for Mac Pro 14.2"" Laptop Computer",B09KC792R5,https://www.amazon.com/Privacy-Compatible-Magnetic-Removable-Protector/dp/B09KC792R5/ref=sr_1_16,$25.19,4.0,2782
product_B0DSDZ3FD7_1746427626,Amazon Customer,"May 05, 2025",False,4.0,84,"USB C Magnetic Adapter 240w, 2PCS Straight Magnetic USB C Adapter Detachable, 24 Pin with PD Fast Charging 40Gbps 8K 60Hz for Thunderbolt 3/4, MacBook Pro/Air/, PS5 PSVR2",Product listing from Amazon search. Price: $16.99,https://www.amazon.com/dp/B0DSDZ3FD7,US,https://www.amazon.com/dp/B0DSDZ3FD7,https://m.media-amazon.com/images/I/61Bm2MVkiOL._AC_UY218_.jpg,"USB C Magnetic Adapter 240w, 2PCS Straight Magnetic USB C Adapter Detachable, 24 Pin with PD Fast Charging 40Gbps 8K 60Hz for Thunderbolt 3/4, MacBook Pro/Air/, PS5 PSVR2",B0DSDZ3FD7,https://www.amazon.com/dp/B0DSDZ3FD7,$16.99,4.0,84
product_B09NPV7XJY_1746427626,Amazon Customer,"May 05, 2025",False,4.0,1282,CloudValley,Product listing from Amazon search. Price: $15.99,https://www.amazon.com/dp/B09NPV7XJY,US,https://www.amazon.com/dp/B09NPV7XJY,https://m.media-amazon.com/images/I/61y3O2FYjiL._AC_UY218_.jpg,CloudValley,B09NPV7XJY,https://www.amazon.com/dp/B09NPV7XJY,$15.99,4.0,1282
product_B09N1FZG5X_1746427626,Amazon Customer,"May 05, 2025",False,4.0,4850,MOSISO,Product listing from Amazon search. Price: $12.49,https://www.amazon.com/MOSISO-Compatible-Keyboard-Protector-Transparent/dp/B09N1FZG5X/ref=sr_1_19,US,https://www.amazon.com/MOSISO-Compatible-Keyboard-Protector-Transparent/dp/B09N1FZG5X/ref=sr_1_19,https://m.media-amazon.com/images/I/61PVkUkxmdL._AC_UY218_.jpg,MOSISO,B09N1FZG5X,https://www.amazon.com/MOSISO-Compatible-Keyboard-Protector-Transparent/dp/B09N1FZG5X/ref=sr_1_19,$12.49,4.0,4850
product_B0B1LH9RDT_1746427626,Amazon Customer,"May 05, 2025",False,5.0,2543,"Adjustable Computer Stand with 360 Rotating Base, Ergonimic Foldable Laptop Riser for Desk Compatible with MacBook Pro/Air Notebook up to 16 Inches, Silver",Product listing from Amazon search. Price: $35.98,https://www.amazon.com/Adjustable-Rotating-Computer-Ergonimic-Compatible/dp/B0B1LH9RDT/ref=sr_1_20,US,https://www.amazon.com/Adjustable-Rotating-Computer-Ergonimic-Compatible/dp/B0B1LH9RDT/ref=sr_1_20,https://m.media-amazon.com/images/I/61yzYqe8gjL._AC_UY218_.jpg,"Adjustable Computer Stand with 360 Rotating Base, Ergonimic Foldable Laptop Riser for Desk Compatible with MacBook Pro/Air Notebook up to 16 Inches, Silver",B0B1LH9RDT,https://www.amazon.com/Adjustable-Rotating-Computer-Ergonimic-Compatible/dp/B0B1LH9RDT/ref=sr_1_20,$35.98,5.0,2543
